season,episode,episodename
S01,E01,Monica Gets A Roommate
S01,E02,The Sonogram At The End
S01,E03,The Thumb
S01,E04,George Stephanopoulos
S01,E05,The East German Laundry Detergent
S01,E06,The Butt
S01,E07,The Blackout
S01,E08,Nana Dies Twice
S01,E09,Underdog Gets Away
S01,E10,The Monkey
S01,E11,Mrs. Bing
S01,E12,The Dozen Lasagnas
S01,E13,The Boobies
S01,E14,The Candy Hearts
S01,E15,The Stoned Guy
S01,E16,The Two Parts Part I
S01,E17,The Two Parts Part II
S01,E18,All The Poker
S01,E19,The Monkey Gets Away
S01,E20,The Evil Orthodontist
S01,E21,The Fake Monica
S01,E22,The Ick Factor
S01,E23,The Birth
S01,E24,Rachel Finds Out
S02,E01,Rosss New Girlfriend
S02,E02,The Breast Milk
S02,E03,Heckles Dies
S02,E04,Phoebes Husband
S02,E05,Five Steaks And An Eggplant
S02,E06,The Baby On The Bus
S02,E07,Ross Finds Out
S02,E08,The List
S02,E09,Phoebes Dad
S02,E10,Russ
S02,E11,The Lesbian Wedding
S02,E13,The Superbowl
S02,E14,The Prom Video
S02,E15,Ross And Rachel... You Know
S02,E16,Joey Moves Out
S02,E17,Eddie Moves In
S02,E18,Dr. Ramoray Dies
S02,E19,Eddie Wont Go
S02,E20,Old Yeller Dies
S02,E21,The Bullies
S02,E22,The Two Parties
S02,E23,The Chicken Pox
S02,E24,Barry And Mindys Wedding
S03,E01,The Princess Leia Fantasy
S03,E02,No Ones Ready
S03,E03,The Jam
S03,E04,The Metaphorical Tunnel
S03,E05,Frank Jr.
S03,E06,The Flashback
S03,E07,The Race Car Bed
S03,E08,The Giant Poking Device
S03,E09,The Football
S03,E10,Rachel Quits
S03,E11,Chandler Cant Remember Which Sister
S03,E12,All The Jealousy
S03,E13,Monica And Richard Are Just Friends
S03,E14,Phoebes Ex-Partner
S03,E15,Ross And Rachel Take A Break
S03,E16,The Morning After
S03,E17,The Ski Trip
S03,E18,The Hypnosis Tape
S03,E19,The Tiny T-Shirt
S03,E20,The Dollhouse
S03,E21,The Chick And The Duck
S03,E22,The Screamer
S03,E23,Rosss Thing
S03,E24,The Ultimate Fighting Champion
S03,E25,At The Beach
S04,E01,The Jellyfish
S04,E02,The Cat
S04,E03,The Cuffs
S04,E04,The Ballroom Dancing
S04,E05,Joeys New Girlfriend
S04,E06,The Dirty Girl
S04,E07,Chandler Crosses The Line
S04,E08,Chandler In A Box
S04,E09,Theyre Going To Party
S04,E10,The Girl From Poughkeepsie
S04,E11,Phoebes Uterus
S04,E12,The Embryos
S04,E13,Rachels Crush
S04,E14,Joeys Dirty Day
S04,E15,All The Rugby
S04,E16,The Fake Party
S04,E17,The Free Porn
S04,E18,Rachels New Dress
S04,E19,All The Haste
S04,E20,The Wedding Dresses
S04,E21,The Invitation
S04,E22,The Worst Best Man Ever
S04,E23,Rosss Wedding
S05,E01,Ross Says Rachel
S05,E02,All The Kissing
S05,E03,Hundredth
S05,E04,Phoebe Hates PBS
S05,E05,The Kips
S05,E06,The Yeti
S05,E07,Ross Moves In
S05,E08,The Thanksgiving Flashbacks
S05,E09,Rosss Sandwich
S05,E10,The Inappropriate Sister
S05,E11,All The Resolutions
S05,E12,Chandlers Work Laugh
S05,E13,Joeys Bag
S05,E14,Everybody Finds Out
S05,E15,The Girl Who Hits Joey
S05,E16,The Cop
S05,E17,Rachels Inadvertant Kiss
S05,E18,Rachel Smokes
S05,E19,Ross Cant Flirt
S05,E20,The Ride Along
S05,E21,The Ball
S05,E22,Joeys Big Break
S05,E23,In Vegas
S06,E01,Vegas
S06,E02,Ross Hugs Rachel
S06,E03,Rosss Denial
S06,E04,Joey Loses His Insurance
S06,E05,Joeys Porsche
S06,E06,On The Last Night
S06,E07,Phoebe Runs
S06,E08,Rosss Teeth
S06,E09,Ross Got High
S06,E10,The Routine
S06,E11,The Apothecary Table
S06,E12,The Joke
S06,E13,Rachels Sister
S06,E14,Chandler Cant Cry
S06,E16,That Could Have Been Part I  II
S06,E17,Unagi
S06,E18,Ross Dates A Student
S06,E19,Joeys Fridge
S06,E20,Mac And C.H.E.E.S.E.
S06,E21,Ross Meets Elizabeths Dad
S06,E22,Pauls The Man
S06,E23,The Ring
S06,E24,The Proposal Part I  II
S07,E01,Monicas Thunder
S07,E02,Rachels Book
S07,E03,Phoebes Cookies
S07,E04,Rachels Assistant
S07,E05,The Engagement Picture
S07,E06,The Nap Partners
S07,E07,Rosss Library Book
S07,E08,Chandler Doesnt Like Dogs
S07,E09,All The Candy
S07,E10,The Huliday Armadillo
S07,E11,All The Cheesecakes
S07,E12,Theyre Up All Night
S07,E13,Rosita Dies
S07,E14,They All Turn Thirty
S07,E15,Joeys New Brain
S07,E16,The Truth About London
S07,E17,The Cheap Wedding Dress
S07,E18,Joeys Award
S07,E19,Ross And Monicas Cousin
S07,E20,Rachels Big Kiss
S07,E21,The Vows
S07,E22,Chandlers Dad
S07,E23,Chandler And Monicas Wedding
S07,E24,Friends Special The Stuff Youve Never Seen
S08,E01,I Do
S08,E02,The Red Sweater
S08,E03,Rachel Tells...
S08,E04,The Videotape
S08,E05,Rachels Date
S08,E06,The Halloween Party
S08,E07,The Stain
S08,E08,The Stripper
S08,E09,The Rumor
S08,E10,Monicas Boots
S08,E11,Rosss Step Forward
S08,E12,Joey Dates Rachel
S08,E13,Chandler Takes A Bath
S08,E14,The Secret Closet
S08,E15,The Birthing Video
S08,E16,Joey Tells Rachel
S08,E17,The Tea Leaves
S08,E18,In Massapequa
S08,E19,Joeys Interview
S08,E20,The Baby Shower
S08,E21,The Cooking Class
S08,E22,Rachel Is Late
S08,E23,Rachel Has A Baby
S09,E01,No One Proposes
S09,E02,Emma Cries
S09,E03,The Pediatrician
S09,E04,The Sharks
S09,E05,Phoebes Birthday Dinner
S09,E06,The Male Nanny
S09,E07,Rosss Inappropriate Song
S09,E08,Rachels Other Sister
S09,E09,Rachels Phone Number
S09,E10,Christmas In Tulsa
S09,E11,Rachel Goes Back To Work
S09,E12,Phoebes Rats
S09,E13,Monica Sings
S09,E14,The Blind Dates
S09,E15,The Mugging
S09,E16,The Boob Job
S09,E17,The Memorial Service
S09,E18,The Lottery
S09,E19,Rachels Dream
S09,E20,The Soap Opera Party
S09,E21,The Fertility Test
S09,E22,The Donor
S09,E24,In Barbados
S10,E01,Joey and Rachel Kiss
S10,E02,Ross Is Fine
S10,E03,Rosss Tan
S10,E04,The Cake
S10,E05,Rachels Sister Babysits
S10,E06,Rosss Grant
S10,E07,The Home Study
S10,E08,The Late Thanksgiving
S10,E09,The Birth Mother
S10,E10,Chandler Gets Caught
S10,E11,The Stripper Cries
S10,E12,Phoebes Wedding
S10,E13,Joey Speaks French
S10,E14,Princess Consuela
S10,E15,Estelle Dies
S10,E16,Rachels Going Away Party
S10,E18,The Last One Part I  II
